{
  "TURTLE": {
    "dataset": "TURTLE",
    "n_cells": 18664,
    "n_genes": 2000,
    "n_clusters": 15,
    "n_celltypes": 15,
    "timestamp": "2026-01-10T16:51:20.463088",
    "methods": {
      "Improved_KMeans": {
        "NMI": 0.6424197280187359,
        "ARI": 0.43722060083938036,
        "ACC": 0.530968709815688
      },
      "Kernel_KMeans": {
        "NMI": 0.00018628682712637444,
        "ARI": 3.887440047862046e-05,
        "ACC": 0.3490677239605658
      },
      "Hierarchical": {
        "NMI": 0.6932940274855467,
        "ARI": 0.6573870563838738,
        "ACC": 0.6584869267038148
      },
      "GMM": {
        "NMI": 0.6842311085863167,
        "ARI": 0.47997241743659474,
        "ACC": 0.6050150021431633
      },
      "DBSCAN": {
        "NMI": 0.5612849750941226,
        "ARI": 0.39940854708411755,
        "ACC": 0.5318795542220317
      },
      "HDBSCAN": {
        "NMI": 0.6537755828439593,
        "ARI": 0.4968582679097198,
        "ACC": 0.6228568366909558
      },
      "Ensemble": {
        "NMI": 0.5509336711443275,
        "ARI": 0.32001242383778516,
        "ACC": 0.48183669095585085
      }
    }
  },
  "QS_Lung": {
    "dataset": "QS_Lung",
    "n_cells": 1000,
    "n_genes": 2000,
    "n_clusters": 11,
    "n_celltypes": 11,
    "timestamp": "2026-01-10T16:51:22.162627",
    "methods": {
      "Improved_KMeans": {
        "NMI": 0.9977017914020789,
        "ARI": 0.9977877977367582,
        "ACC": 0.999
      },
      "Kernel_KMeans": {
        "NMI": 0.22558282784657646,
        "ARI": 0.038502266084967596,
        "ACC": 0.182
      },
      "Hierarchical": {
        "NMI": 0.9977017914020789,
        "ARI": 0.9977877977367582,
        "ACC": 0.999
      },
      "GMM": {
        "NMI": 0.9977017914020789,
        "ARI": 0.9977877977367582,
        "ACC": 0.999
      },
      "DBSCAN": {
        "NMI": 0.9977017914020789,
        "ARI": 0.9977877977367582,
        "ACC": 0.999
      },
      "HDBSCAN": {
        "NMI": 0.9977017914020789,
        "ARI": 0.9977877977367582,
        "ACC": 0.999
      },
      "Ensemble": {
        "NMI": 0.9977017914020789,
        "ARI": 0.9977877977367582,
        "ACC": 0.999
      }
    }
  },
  "QS_Diaphragm": {
    "dataset": "QS_Diaphragm",
    "n_cells": 800,
    "n_genes": 1970,
    "n_clusters": 5,
    "n_celltypes": 5,
    "timestamp": "2026-01-10T16:51:23.062106",
    "methods": {
      "Improved_KMeans": {
        "NMI": 0.8969411811746024,
        "ARI": 0.8631467965464161,
        "ACC": 0.94125
      },
      "Kernel_KMeans": {
        "NMI": 0.1700039525753358,
        "ARI": 0.03541148689385612,
        "ACC": 0.28875
      },
      "Hierarchical": {
        "NMI": 0.8969411811746024,
        "ARI": 0.8631467965464161,
        "ACC": 0.94125
      },
      "GMM": {
        "NMI": 0.8593503418992102,
        "ARI": 0.7594891250663338,
        "ACC": 0.82875
      },
      "DBSCAN": {
        "NMI": 0.885019672981499,
        "ARI": 0.8619576173068294,
        "ACC": 0.94125
      },
      "HDBSCAN": {
        "NMI": 0.953114899804307,
        "ARI": 0.9373525999935066,
        "ACC": 0.94125
      },
      "Ensemble": {
        "NMI": 0.8969411811746024,
        "ARI": 0.8631467965464161,
        "ACC": 0.94125
      }
    }
  }
}